"STATION","NAME","DATE","DAPR","MDPR","PRCP","SNOW","SNWD","TMAX","TMIN","TOBS","WESD","WT01"
"USC00308839","VICTOR 2 NW, NY US","2011-04-16",,,"0.44","0.0","0.0",,,,"0.0",
"USC00308839","VICTOR 2 NW, NY US","2011-04-18",,,"0.01","0.0","0.0",,,,"0.0",
"USC00308839","VICTOR 2 NW, NY US","2011-04-19",,,"0.09","0.0","0.0",,,,"0.0",
"USC00308839","VICTOR 2 NW, NY US","2011-04-20",,,"0.89","0.0","0.0",,,,"0.0",
"USC00308839","VICTOR 2 NW, NY US","2011-04-21",,,"0.02","0.0","0.0",,,,"0.0",
"USC00308839","VICTOR 2 NW, NY US","2011-04-22",,,"0.00","0.0","0.0",,,,"0.0",
"USC00308839","VICTOR 2 NW, NY US","2011-04-23",,,"0.69","0.0","0.0",,,,"0.0",
"USC00308839","VICTOR 2 NW, NY US","2011-04-24",,,"0.20","0.0","0.0",,,,"0.0",
"USC00308839","VICTOR 2 NW, NY US","2011-04-25",,,"0.02","0.0","0.0",,,,"0.0",
"USC00308839","VICTOR 2 NW, NY US","2011-04-26",,,"0.48","0.0","0.0",,,,"0.0",
"USC00308839","VICTOR 2 NW, NY US","2011-04-27",,,"0.38","0.0","0.0",,,,"0.0",
"USC00308839","VICTOR 2 NW, NY US","2011-04-28",,,"0.63","0.0","0.0",,,,"0.0",
"USC00308839","VICTOR 2 NW, NY US","2011-04-29",,,"0.01","0.0","0.0",,,,"0.0",
"USC00308839","VICTOR 2 NW, NY US","2011-04-30",,,"0.00","0.0","0.0",,,,"0.0",
"USC00308839","VICTOR 2 NW, NY US","2011-05-01",,,"0.00","0.0","0.0",,,,"0.0",
"USC00308839","VICTOR 2 NW, NY US","2011-05-02",,,"0.01","0.0","0.0",,,,"0.0",
"USC00308839","VICTOR 2 NW, NY US","2011-05-03",,,"0.38","0.0","0.0",,,,"0.0",
"USC00308839","VICTOR 2 NW, NY US","2011-05-04",,,"0.59","0.0","0.0",,,,"0.0",
"USC00308839","VICTOR 2 NW, NY US","2011-05-05",,,"0.30","0.0","0.0",,,,"0.0",
"USC00308839","VICTOR 2 NW, NY US","2011-05-06",,,"0.00","0.0","0.0",,,,"0.0",
"USC00308839","VICTOR 2 NW, NY US","2011-05-07",,,"0.00","0.0","0.0",,,,"0.0",
"USC00308839","VICTOR 2 NW, NY US","2011-05-08",,,"0.00","0.0","0.0",,,,"0.0",
"USC00308839","VICTOR 2 NW, NY US","2011-05-09",,,"0.00","0.0","0.0",,,,"0.0",
"USC00308839","VICTOR 2 NW, NY US","2011-05-10",,,"0.00","0.0","0.0",,,,"0.0",
"USC00308839","VICTOR 2 NW, NY US","2011-05-11",,,"0.00","0.0","0.0",,,,"0.0",
"USC00308839","VICTOR 2 NW, NY US","2011-05-12",,,"0.00","0.0","0.0",,,,"0.0",
"USC00308839","VICTOR 2 NW, NY US","2011-05-13",,,"0.00","0.0","0.0",,,,"0.0",
"USC00308839","VICTOR 2 NW, NY US","2011-05-14",,,"0.00","0.0","0.0",,,,"0.0",
"USC00308839","VICTOR 2 NW, NY US","2011-05-15",,,"0.87","0.0","0.0",,,,"0.0",
"USC00308839","VICTOR 2 NW, NY US","2011-05-16",,,"1.12","0.0","0.0",,,,"0.0",
"USC00308839","VICTOR 2 NW, NY US","2011-05-17",,,"0.02","0.0","0.0",,,,"0.0",
"USC00308839","VICTOR 2 NW, NY US","2011-05-18",,,"0.23","0.0","0.0",,,,"0.0",
"USC00308839","VICTOR 2 NW, NY US","2011-05-19",,,"0.28","0.0","0.0",,,,"0.0",
"USC00308839","VICTOR 2 NW, NY US","2011-05-31",,,"0.00","0.0","0.0",,,,"0.0",
"USC00308839","VICTOR 2 NW, NY US","2011-06-01",,,"0.00","0.0","0.0",,,,"0.0",
"USC00308839","VICTOR 2 NW, NY US","2011-06-02",,,"0.00","0.0","0.0",,,,"0.0",
"USC00308839","VICTOR 2 NW, NY US","2011-06-03",,,"0.00","0.0","0.0",,,,"0.0",
"USC00308839","VICTOR 2 NW, NY US","2011-06-04",,,"0.01","0.0","0.0",,,,"0.0",
"USC00308839","VICTOR 2 NW, NY US","2011-06-05",,,"0.17","0.0","0.0",,,,,
"USC00308839","VICTOR 2 NW, NY US","2011-06-06",,,"0.00","0.0","0.0",,,,"0.0",
"USC00308839","VICTOR 2 NW, NY US","2011-06-07",,,"0.01","0.0","0.0",,,,"0.0",
"USC00308839","VICTOR 2 NW, NY US","2011-06-08",,,"0.00","0.0","0.0",,,,"0.0",
"USC00308839","VICTOR 2 NW, NY US","2011-06-09",,,"0.00","0.0","0.0",,,,"0.0",
"USC00308839","VICTOR 2 NW, NY US","2011-06-10",,,"0.00","0.0","0.0",,,,"0.0",
"USC00308839","VICTOR 2 NW, NY US","2011-06-11",,,"0.00","0.0","0.0",,,,"0.0",
"USC00308839","VICTOR 2 NW, NY US","2011-06-12",,,"0.00","0.0","0.0",,,,"0.0",
"USC00308839","VICTOR 2 NW, NY US","2011-06-13",,,"0.00","0.0","0.0",,,,,
"USC00308839","VICTOR 2 NW, NY US","2011-06-14",,,"0.01","0.0","0.0",,,,"0.0",
"USC00308839","VICTOR 2 NW, NY US","2011-06-15",,,"0.01","0.0","0.0",,,,"0.0",
"USC00308839","VICTOR 2 NW, NY US","2011-06-16",,,"0.00","0.0","0.0",,,,,
"USC00308839","VICTOR 2 NW, NY US","2011-06-17",,,"0.00","0.0","0.0",,,,"0.0",
"USC00308839","VICTOR 2 NW, NY US","2011-06-18",,,"0.00","0.0","0.0",,,,"0.0",
"USC00308839","VICTOR 2 NW, NY US","2011-06-19",,,"0.00","0.0","0.0",,,,"0.0",
"USC00308839","VICTOR 2 NW, NY US","2011-06-20",,,"0.00","0.0","0.0",,,,"0.0",
"USC00308839","VICTOR 2 NW, NY US","2011-06-21",,,"0.00","0.0","0.0",,,,,
"USC00308839","VICTOR 2 NW, NY US","2011-06-22",,,"0.35","0.0","0.0",,,,"0.0",
"USC00308839","VICTOR 2 NW, NY US","2011-06-23",,,"0.36","0.0","0.0",,,,"0.0",
"USC00308839","VICTOR 2 NW, NY US","2011-06-24",,,"0.00","0.0","0.0",,,,"0.0",
"USC00308839","VICTOR 2 NW, NY US","2011-06-25",,,"0.10","0.0","0.0",,,,"0.0",
"USC00308839","VICTOR 2 NW, NY US","2011-06-26",,,"0.01","0.0","0.0",,,,"0.0",
"USC00308839","VICTOR 2 NW, NY US","2011-06-27",,,"0.00","0.0","0.0",,,,"0.0",
"USC00308839","VICTOR 2 NW, NY US","2011-06-28",,,"0.00","0.0","0.0",,,,"0.0",
"USC00308839","VICTOR 2 NW, NY US","2011-06-29",,,"0.00","0.0","0.0",,,,"0.0",
"USC00308839","VICTOR 2 NW, NY US","2011-06-30",,,"0.00","0.0","0.0",,,,,
"USC00308839","VICTOR 2 NW, NY US","2011-07-01",,,"0.00","0.0","0.0",,,,"0.0",
"USC00308839","VICTOR 2 NW, NY US","2011-07-02",,,"0.00","0.0","0.0",,,,,
"USC00308839","VICTOR 2 NW, NY US","2011-07-03",,,"0.00","0.0","0.0",,,,,
"USC00308839","VICTOR 2 NW, NY US","2011-07-04",,,"0.00","0.0","0.0",,,,,
"USC00308839","VICTOR 2 NW, NY US","2011-07-05",,,"0.00","0.0","0.0",,,,,
"USC00308839","VICTOR 2 NW, NY US","2011-07-06",,,"0.00","0.0","0.0",,,,"0.0",
"USC00308839","VICTOR 2 NW, NY US","2011-07-07",,,"0.00","0.0","0.0",,,,,
"USC00308839","VICTOR 2 NW, NY US","2011-07-08",,,"0.00","0.0","0.0",,,,,
"USC00308839","VICTOR 2 NW, NY US","2011-07-09",,,"0.00","0.0","0.0",,,,,
"USC00308839","VICTOR 2 NW, NY US","2011-07-10",,,"0.00","0.0","0.0",,,,,
"USC00308839","VICTOR 2 NW, NY US","2011-07-11",,,"0.00","0.0","0.0",,,,,
"USC00308839","VICTOR 2 NW, NY US","2011-07-12",,,"0.00","0.0","0.0",,,,,
"USC00308839","VICTOR 2 NW, NY US","2011-07-13",,,"0.00","0.0","0.0",,,,"0.0",
"USC00308839","VICTOR 2 NW, NY US","2011-07-14",,,"0.00","0.0","0.0",,,,,
"USC00308839","VICTOR 2 NW, NY US","2011-07-15",,,"0.00","0.0","0.0",,,,,
"USC00308839","VICTOR 2 NW, NY US","2011-07-16",,,"0.00","0.0","0.0",,,,"0.0",
"USC00308839","VICTOR 2 NW, NY US","2011-07-17",,,"0.00","0.0","0.0",,,,,
"USC00308839","VICTOR 2 NW, NY US","2011-07-18",,,"0.02","0.0","0.0",,,,"0.0",
"USC00308839","VICTOR 2 NW, NY US","2011-07-19",,,"0.00","0.0","0.0",,,,"0.0",
"USC00308839","VICTOR 2 NW, NY US","2011-07-20",,,"0.00","0.0","0.0",,,,"0.0",
"USC00308839","VICTOR 2 NW, NY US","2011-07-21",,,"0.00","0.0","0.0",,,,,
"USC00308839","VICTOR 2 NW, NY US","2011-07-22",,,"0.00","0.0","0.0",,,,,
"USC00308839","VICTOR 2 NW, NY US","2011-07-23",,,"0.00","0.0","0.0",,,,,
"USC00308839","VICTOR 2 NW, NY US","2011-07-24",,,"0.00","0.0","0.0",,,,,
"USC00308839","VICTOR 2 NW, NY US","2011-07-25",,,"0.00","0.0","0.0",,,,,
"USC00308839","VICTOR 2 NW, NY US","2011-07-26",,,"0.00","0.0","0.0",,,,,
"USC00308839","VICTOR 2 NW, NY US","2011-07-27",,,"0.00","0.0","0.0",,,,,
"USC00308839","VICTOR 2 NW, NY US","2011-07-28",,,"0.00","0.0","0.0",,,,,
"USC00308839","VICTOR 2 NW, NY US","2011-07-29",,,"0.73","0.0","0.0",,,,,
"USC00308839","VICTOR 2 NW, NY US","2011-07-30",,,"0.00","0.0","0.0",,,,,
"USC00308839","VICTOR 2 NW, NY US","2011-07-31",,,"0.00","0.0","0.0",,,,,
"USC00308839","VICTOR 2 NW, NY US","2011-08-01",,,"0.00","0.0","0.0",,,,,
"USC00308839","VICTOR 2 NW, NY US","2011-08-02",,,"0.00","0.0","0.0",,,,,
"USC00308839","VICTOR 2 NW, NY US","2011-08-03",,,"0.00","0.0","0.0",,,,,
"USC00308839","VICTOR 2 NW, NY US","2011-08-04",,,"0.01","0.0","0.0",,,,"0.0",
"USC00308839","VICTOR 2 NW, NY US","2011-08-05",,,"0.00","0.0","0.0",,,,"0.0",
"USC00308839","VICTOR 2 NW, NY US","2011-08-06",,,"0.00","0.0","0.0",,,,"0.0",
"USC00308839","VICTOR 2 NW, NY US","2011-08-07",,,"0.00","0.0","0.0",,,,"0.0",
"USC00308839","VICTOR 2 NW, NY US","2011-08-08",,,"0.10","0.0","0.0",,,,"0.0",
"USC00308839","VICTOR 2 NW, NY US","2011-08-09",,,"0.18","0.0","0.0",,,,"0.0",
"USC00308839","VICTOR 2 NW, NY US","2011-08-10",,,"0.90","0.0","0.0",,,,"0.0",
"USC00308839","VICTOR 2 NW, NY US","2011-08-11",,,"0.33","0.0","0.0",,,,"0.0",
"USC00308839","VICTOR 2 NW, NY US","2011-08-12",,,"0.00","0.0","0.0",,,,,
"USC00308839","VICTOR 2 NW, NY US","2011-08-13",,,"0.00","0.0","0.0",,,,,
"USC00308839","VICTOR 2 NW, NY US","2011-08-14",,,"0.62","0.0","0.0",,,,,
"USC00308839","VICTOR 2 NW, NY US","2011-08-15",,,"1.06","0.0","0.0",,,,,
"USC00308839","VICTOR 2 NW, NY US","2011-08-16",,,"0.00","0.0","0.0",,,,"0.0",
"USC00308839","VICTOR 2 NW, NY US","2011-08-17",,,"0.00","0.0","0.0",,,,"0.0",
"USC00308839","VICTOR 2 NW, NY US","2011-08-18",,,"0.00","0.0","0.0",,,,"0.0",
"USC00308839","VICTOR 2 NW, NY US","2011-08-19",,,"0.00","0.0","0.0",,,,"0.0",
"USC00308839","VICTOR 2 NW, NY US","2011-08-20",,,"0.21","0.0","0.0",,,,"0.0",
"USC00308839","VICTOR 2 NW, NY US","2011-08-21",,,"0.26","0.0","0.0",,,,"0.0",
"USC00308839","VICTOR 2 NW, NY US","2011-08-22",,,"0.18","0.0","0.0",,,,"0.0",
"USC00308839","VICTOR 2 NW, NY US","2011-08-23",,,"0.00","0.0","0.0",,,,"0.0",
"USC00308839","VICTOR 2 NW, NY US","2011-08-24",,,"0.00","0.0","0.0",,,,"0.0",
"USC00308839","VICTOR 2 NW, NY US","2011-08-25",,,"1.17","0.0","0.0",,,,"0.0",
"USC00308839","VICTOR 2 NW, NY US","2011-08-26",,,"0.00","0.0","0.0",,,,"0.0",
"USC00308839","VICTOR 2 NW, NY US","2011-08-27",,,"0.00","0.0","0.0",,,,"0.0",
"USC00308839","VICTOR 2 NW, NY US","2011-08-28",,,"0.02","0.0","0.0",,,,"0.0",
"USC00308839","VICTOR 2 NW, NY US","2011-08-29",,,"0.01","0.0","0.0",,,,"0.0",
"USC00308839","VICTOR 2 NW, NY US","2011-08-30",,,"0.00","0.0","0.0",,,,"0.0",
"USC00308839","VICTOR 2 NW, NY US","2011-08-31",,,"0.00","0.0","0.0",,,,"0.0",
"USC00308839","VICTOR 2 NW, NY US","2011-09-01",,,"0.12","0.0","0.0",,,,"0.0",
"USC00308839","VICTOR 2 NW, NY US","2011-09-02",,,"0.00","0.0","0.0",,,,"0.0",
"USC00308839","VICTOR 2 NW, NY US","2011-09-03",,,"0.00","0.0","0.0",,,,,
"USC00308839","VICTOR 2 NW, NY US","2011-09-04",,,"0.00","0.0","0.0",,,,,
"USC00308839","VICTOR 2 NW, NY US","2011-09-05",,,"0.00","0.0","0.0",,,,,
"USC00308839","VICTOR 2 NW, NY US","2011-09-06",,,"0.32","0.0","0.0",,,,,
"USC00308839","VICTOR 2 NW, NY US","2011-09-07",,,"0.09","0.0","0.0",,,,,
"USC00308839","VICTOR 2 NW, NY US","2011-09-08",,,"0.22","0.0","0.0",,,,,
"USC00308839","VICTOR 2 NW, NY US","2011-09-09",,,"0.00","0.0","0.0",,,,,
"USC00308839","VICTOR 2 NW, NY US","2011-09-10",,,"0.00","0.0","0.0",,,,,
"USC00308839","VICTOR 2 NW, NY US","2011-09-11",,,"0.00","0.0","0.0",,,,,
"USC00308839","VICTOR 2 NW, NY US","2011-09-12",,,"0.02","0.0","0.0",,,,,
"USC00308839","VICTOR 2 NW, NY US","2011-09-13",,,"0.00","0.0","0.0",,,,"0.0",
"USC00308839","VICTOR 2 NW, NY US","2011-09-14",,,"0.00","0.0","0.0",,,,"0.0",
"USC00308839","VICTOR 2 NW, NY US","2011-09-15",,,"0.00","0.0","0.0",,,,,
"USC00308839","VICTOR 2 NW, NY US","2011-09-16",,,"0.00","0.0","0.0",,,,"0.0",
"USC00308839","VICTOR 2 NW, NY US","2011-09-17",,,"0.00","0.0","0.0",,,,"0.0",
"USC00308839","VICTOR 2 NW, NY US","2011-09-18",,,"0.00","0.0","0.0",,,,"0.0",
"USC00308839","VICTOR 2 NW, NY US","2011-09-19",,,"0.00","0.0","0.0",,,,"0.0",
"USC00308839","VICTOR 2 NW, NY US","2011-09-20",,,"0.12","0.0","0.0",,,,"0.0",
"USC00308839","VICTOR 2 NW, NY US","2011-09-21",,,"0.00","0.0","0.0",,,,"0.0",
"USC00308839","VICTOR 2 NW, NY US","2011-09-22",,,"0.00","0.0","0.0",,,,,
"USC00308839","VICTOR 2 NW, NY US","2011-09-23",,,"0.00","0.0","0.0",,,,,
"USC00308839","VICTOR 2 NW, NY US","2011-09-24",,,"0.00","0.0","0.0",,,,,
"USC00308839","VICTOR 2 NW, NY US","2011-09-25",,,"0.00","0.0","0.0",,,,,
"USC00308839","VICTOR 2 NW, NY US","2011-09-26",,,"0.00","0.0","0.0",,,,"0.0",
"USC00308839","VICTOR 2 NW, NY US","2011-09-29","    3","1.75",,"0.0","0.0",,,,"0.0",
"USC00308839","VICTOR 2 NW, NY US","2011-09-30",,,"0.02","0.0","0.0",,,,"0.0",
"USC00308839","VICTOR 2 NW, NY US","2011-10-01",,,"0.38","0.0","0.0",,,,"0.0",
"USC00308839","VICTOR 2 NW, NY US","2011-10-02",,,"0.79","0.0","0.0",,,,"0.0",
"USC00308839","VICTOR 2 NW, NY US","2011-10-03",,,"0.42","0.0","0.0",,,,"0.0",
"USC00308839","VICTOR 2 NW, NY US","2011-10-04",,,"0.52","0.0","0.0",,,,"0.0",
"USC00308839","VICTOR 2 NW, NY US","2011-10-05",,,"0.01","0.0","0.0",,,,"0.0",
"USC00308839","VICTOR 2 NW, NY US","2011-10-06",,,"0.00","0.0","0.0",,,,,
"USC00308839","VICTOR 2 NW, NY US","2011-10-08",,,"0.00",,,,,,,
"USC00308839","VICTOR 2 NW, NY US","2011-10-09",,,"0.00",,,,,,,
"USC00308839","VICTOR 2 NW, NY US","2011-10-10","    3","0.00",,"0.0","0.0",,,,"0.0",
"USC00308839","VICTOR 2 NW, NY US","2011-10-11",,,"0.00","0.0","0.0",,,,"0.0",
"USC00308839","VICTOR 2 NW, NY US","2011-10-12",,,"0.00","0.0","0.0",,,,"0.0",
"USC00308839","VICTOR 2 NW, NY US","2011-10-13",,,"0.13","0.0","0.0",,,,"0.0",
"USC00308839","VICTOR 2 NW, NY US","2011-10-14",,,"0.11","0.0","0.0",,,,"0.0",
"USC00308839","VICTOR 2 NW, NY US","2011-10-17","    3","0.90",,"0.0","0.0",,,,"0.0",
"USC00308839","VICTOR 2 NW, NY US","2011-10-18",,,"0.02","0.0","0.0",,,,,
"USC00308839","VICTOR 2 NW, NY US","2011-10-19",,,"0.07","0.0","0.0",,,,"0.0",
"USC00308839","VICTOR 2 NW, NY US","2011-10-20",,,"0.22","0.0","0.0",,,,"0.0",
"USC00308839","VICTOR 2 NW, NY US","2011-10-21",,,"0.00","0.0","0.0",,,,"0.0",
"USC00308839","VICTOR 2 NW, NY US","2011-10-24",,,"0.12",,,,,,,
"USC00308839","VICTOR 2 NW, NY US","2011-10-25",,,"0.00","0.0","0.0",,,,"0.0",
"USC00308839","VICTOR 2 NW, NY US","2011-10-26",,,"0.04","0.0","0.0",,,,,
"USC00308839","VICTOR 2 NW, NY US","2011-10-27",,,"0.32","0.0","0.0",,,,"0.0",
"USC00308839","VICTOR 2 NW, NY US","2011-10-28",,,"0.09","0.0","0.0",,,,"0.0",
"USC00308839","VICTOR 2 NW, NY US","2011-10-29",,,"0.00","0.0","0.0",,,,,
"USC00308839","VICTOR 2 NW, NY US","2011-10-30",,,"0.00","0.0","0.0",,,,,
"USC00308839","VICTOR 2 NW, NY US","2011-10-31","    3","0.00",,"0.0","0.0",,,,"0.0",
"USC00308839","VICTOR 2 NW, NY US","2011-11-01",,,"0.00","0.0","0.0",,,,"0.0",
"USC00308839","VICTOR 2 NW, NY US","2011-11-02",,,"0.00","0.0","0.0",,,,"0.0",
"USC00308839","VICTOR 2 NW, NY US","2011-11-03",,,"0.00","0.0","0.0",,,,"0.0",
"USC00308839","VICTOR 2 NW, NY US","2011-11-04",,,"0.00","0.0","0.0",,,,,
"USC00308839","VICTOR 2 NW, NY US","2011-11-05",,,"0.00","0.0","0.0",,,,,
"USC00308839","VICTOR 2 NW, NY US","2011-11-06",,,"0.00","0.0","0.0",,,,,
"USC00308839","VICTOR 2 NW, NY US","2011-11-07",,,"0.00","0.0","0.0",,,,"0.0",
"USC00308839","VICTOR 2 NW, NY US","2011-11-08",,,"0.00","0.0","0.0",,,,"0.0",
"USC00308839","VICTOR 2 NW, NY US","2011-11-09",,,"0.00","0.0","0.0",,,,"0.0",
"USC00308839","VICTOR 2 NW, NY US","2011-11-10",,,"0.00","0.0","0.0",,,,"0.0",
"USC00308839","VICTOR 2 NW, NY US","2011-11-11",,,"0.00","0.0","0.0",,,,,
"USC00308839","VICTOR 2 NW, NY US","2011-11-12",,,"0.00","0.0","0.0",,,,,
"USC00308839","VICTOR 2 NW, NY US","2011-11-13",,,"0.00","0.0","0.0",,,,,
"USC00308839","VICTOR 2 NW, NY US","2011-11-14",,,"0.00","0.0","0.0",,,,,
"USC00308839","VICTOR 2 NW, NY US","2011-11-15",,,"0.78","0.0","0.0",,,,"0.0",
"USC00308839","VICTOR 2 NW, NY US","2011-11-16",,,"0.00","0.0","0.0",,,,"0.0",
"USC00308839","VICTOR 2 NW, NY US","2011-11-17",,,"0.00","0.0","0.0",,,,"0.0",
"USC00308839","VICTOR 2 NW, NY US","2011-11-18",,,"0.00","0.0","0.0",,,,,
"USC00308839","VICTOR 2 NW, NY US","2011-11-19",,,"0.00","0.0","0.0",,,,,
"USC00308839","VICTOR 2 NW, NY US","2011-11-20",,,"0.00","0.0","0.0",,,,,
"USC00308839","VICTOR 2 NW, NY US","2011-11-21",,,"0.00","0.0","0.0",,,,"0.0",
"USC00308839","VICTOR 2 NW, NY US","2011-11-23","    2","1.44",,"0.0","0.0",,,,"0.0","    1"
"USC00308839","VICTOR 2 NW, NY US","2011-11-28","    4","0.02",,"0.0","0.0",,,,"0.0",
"USC00308839","VICTOR 2 NW, NY US","2011-11-29",,,"0.00","0.0","0.0",,,,"0.0",
"USC00308839","VICTOR 2 NW, NY US","2011-11-30",,,"0.24","0.0","0.0",,,,"0.0",
"USC00308839","VICTOR 2 NW, NY US","2011-12-01",,,"0.01","0.0","0.0",,,,"0.0",
"USC00308839","VICTOR 2 NW, NY US","2011-12-05","    4","0.02",,"0.0","0.0",,,,"0.0",
"USC00308839","VICTOR 2 NW, NY US","2011-12-06",,,"0.66","0.0","0.0",,,,"0.0","    1"
"USC00308839","VICTOR 2 NW, NY US","2011-12-07",,,"0.02","0.0","0.0",,,,"0.0","    1"
"USC00308839","VICTOR 2 NW, NY US","2011-12-09","    2","0.01",,"0.3","1.0",,,,"0.0",
"USC00308839","VICTOR 2 NW, NY US","2011-12-10",,,"0.00","0.0","0.0",,,,"0.0",
"USC00308839","VICTOR 2 NW, NY US","2011-12-12","    2","0.00",,"0.0","0.0",,,,"0.0",
"USC00308839","VICTOR 2 NW, NY US","2011-12-14","    2","0.00",,"0.0","0.0",,,,"0.0",
"USC00308839","VICTOR 2 NW, NY US","2011-12-15",,,"0.18","0.0","0.0",,,,"0.0",
"USC00308839","VICTOR 2 NW, NY US","2011-12-18","    3","0.01",,"0.1",,,,,,
"USC00308839","VICTOR 2 NW, NY US","2011-12-19",,,"0.00","0.0","0.0",,,,"0.0",
"USC00308839","VICTOR 2 NW, NY US","2011-12-20",,,"0.00","0.0","0.0",,,,"0.0",
"USC00308839","VICTOR 2 NW, NY US","2011-12-22","    2","0.36",,"0.0","0.0",,,,"0.0",
"USC00308839","VICTOR 2 NW, NY US","2011-12-23",,,"0.23","0.0","0.0",,,,"0.0",
"USC00308839","VICTOR 2 NW, NY US","2012-01-03","    3","1.25",,"1.3","1.0",,,,,
"USC00308839","VICTOR 2 NW, NY US","2012-01-04",,,"0.00","0.0","0.0",,,,"0.0",
"USC00308839","VICTOR 2 NW, NY US","2012-01-06","    2","0.00",,"0.0","0.0",,,,"0.0",
"USC00308839","VICTOR 2 NW, NY US","2012-01-09","    3","0.00",,"0.0","0.0",,,,"0.0",
"USC00308839","VICTOR 2 NW, NY US","2012-01-10",,,"0.00","0.0","0.0",,,,"0.0",
"USC00308839","VICTOR 2 NW, NY US","2012-01-11",,,"0.00","0.0","0.0",,,,"0.0",
"USC00308839","VICTOR 2 NW, NY US","2012-01-12",,,"0.36","0.0","0.0",,,,"0.0",
"USC00308839","VICTOR 2 NW, NY US","2012-01-16","    4","0.33",,"4.2","4.0",,,,"0.0",
"USC00308839","VICTOR 2 NW, NY US","2012-01-19","    3","0.01",,"0.1","0.0",,,,"0.0",
"USC00308839","VICTOR 2 NW, NY US","2012-01-20",,,"0.01","0.1","0.0",,,,"0.0",
"USC00308839","VICTOR 2 NW, NY US","2012-01-24","    4","0.17",,"0.0","0.0",,,,"0.0",
"USC00308839","VICTOR 2 NW, NY US","2012-01-25",,,"0.01","0.0","0.0",,,,"0.0",
"USC00308839","VICTOR 2 NW, NY US","2012-01-26",,,"0.01","0.1","0.0",,,,"0.0",
"USC00308839","VICTOR 2 NW, NY US","2012-01-30","    4","0.15",,"3.6","4.0",,,,"0.2",
"USC00308839","VICTOR 2 NW, NY US","2012-01-31",,,"0.00","0.0","0.0",,,,"0.0",
"USC00308839","VICTOR 2 NW, NY US","2012-02-01",,,"0.21","0.0","0.0",,,,"0.0",
"USC00308839","VICTOR 2 NW, NY US","2012-02-03",,,"0.00","0.0","0.0",,,,"0.0",
"USC00308839","VICTOR 2 NW, NY US","2012-02-06","    3","0.00",,"0.0","0.0",,,,"0.0",
"USC00308839","VICTOR 2 NW, NY US","2012-02-07",,,"0.00","0.0","0.0",,,,"0.0",
"USC00308839","VICTOR 2 NW, NY US","2012-02-08",,,"0.00","0.0","0.0",,,,"0.0",
"USC00308839","VICTOR 2 NW, NY US","2012-02-09",,,"0.00","0.0","0.0",,,,"0.0",
"USC00308839","VICTOR 2 NW, NY US","2012-02-13","    3","0.09",,"3.5","4.0",,,,"0.1",
"USC00308839","VICTOR 2 NW, NY US","2012-02-14",,,"0.00","0.0","0.0",,,,"0.0",
"USC00308839","VICTOR 2 NW, NY US","2012-02-15",,,"0.01","0.0","0.0",,,,"0.0",
"USC00308839","VICTOR 2 NW, NY US","2012-02-16",,,"0.01","0.0","0.0",,,,"0.0",
"USC00308839","VICTOR 2 NW, NY US","2012-02-22","    4","0.04",,"0.0","0.0",,,,"0.0",
"USC00308839","VICTOR 2 NW, NY US","2012-02-23",,,"0.26","2.2","2.0",,,,"0.3",
"USC00308839","VICTOR 2 NW, NY US","2012-02-27","    3","0.50",,"0.5","0.0",,,,"0.5",
"USC00308839","VICTOR 2 NW, NY US","2012-02-28",,,"0.00","0.0","0.0",,,,"0.0",
"USC00308839","VICTOR 2 NW, NY US","2012-03-05","    5","0.24",,"0.0","0.0",,,,"0.0",
"USC00308839","VICTOR 2 NW, NY US","2012-03-06",,,"0.00","0.0","0.0",,,,"0.0",
"USC00308839","VICTOR 2 NW, NY US","2012-03-07",,,"0.00","0.0","0.0",,,,"0.0",
"USC00308839","VICTOR 2 NW, NY US","2012-03-08",,,"0.00","0.0","0.0",,,,"0.0",
"USC00308839","VICTOR 2 NW, NY US","2012-03-12","    4","0.00",,"0.0","0.0",,,,"0.0",
"USC00308839","VICTOR 2 NW, NY US","2012-03-15","    3","0.00",,"0.0","0.0",,,,"0.0",
"USC00308839","VICTOR 2 NW, NY US","2012-03-19","    4","0.13",,"0.0","0.0",,,,"0.0",
"USC00308839","VICTOR 2 NW, NY US","2012-03-21","    2","0.00",,"0.0","0.0",,,,"0.0",
"USC00308839","VICTOR 2 NW, NY US","2012-03-22",,,"0.00","0.0","0.0",,,,"0.0",
"USC00308839","VICTOR 2 NW, NY US","2012-03-26","    4","0.00",,"0.0","0.0",,,,"0.0",
"USC00308839","VICTOR 2 NW, NY US","2012-03-28","    2","0.00",,"0.0","0.0",,,,"0.0",
"USC00308839","VICTOR 2 NW, NY US","2012-03-29",,,"0.22","0.0","0.0",,,,"0.0",
"USC00308839","VICTOR 2 NW, NY US","2012-03-30",,,"0.08","0.0","0.0",,,,"0.0",
"USC00308839","VICTOR 2 NW, NY US","2012-04-02","    2","0.22",,"0.0","0.0",,,,"0.0",
"USC00308839","VICTOR 2 NW, NY US","2012-04-03",,,"0.00","0.0","0.0",,,,"0.0",
"USC00308839","VICTOR 2 NW, NY US","2012-04-04",,,"0.00","0.0","0.0",,,,"0.0",
"USC00308839","VICTOR 2 NW, NY US","2012-04-05",,,"0.00","0.0","0.0",,,,"0.0",
"USC00308839","VICTOR 2 NW, NY US","2012-04-09","    4","0.00",,"0.0","0.0",,,,"0.0",
"USC00308839","VICTOR 2 NW, NY US","2012-04-10",,,"0.00","0.0","0.0",,,,"0.0",
"USC00308839","VICTOR 2 NW, NY US","2012-04-11",,,"0.01","0.0","0.0",,,,"0.0",
"USC00308839","VICTOR 2 NW, NY US","2012-04-12",,,"0.00","0.0","0.0",,,,"0.0",
"USC00308839","VICTOR 2 NW, NY US","2012-04-16","    4","0.11",,"0.0","0.0",,,,"0.0",
"USC00308839","VICTOR 2 NW, NY US","2012-04-17",,,"0.00",,,,,,,
"USC00308839","VICTOR 2 NW, NY US","2012-04-18",,,"0.00","0.0","0.0",,,,"0.0",
"USC00308839","VICTOR 2 NW, NY US","2012-04-19",,,"0.00","0.0","0.0",,,,"0.0",
"USC00308839","VICTOR 2 NW, NY US","2012-04-23","    4","0.06",,"0.0","0.0",,,,,
"USC00308839","VICTOR 2 NW, NY US","2012-04-24",,,"0.60","1.0","1.0",,,,,
"USC00308839","VICTOR 2 NW, NY US","2012-04-25",,,"0.02","0.0","0.0",,,,,
"USC00308839","VICTOR 2 NW, NY US","2012-04-26",,,"0.00","0.0","0.0",,,,,
"USC00308839","VICTOR 2 NW, NY US","2012-04-27",,,"0.06","0.0","0.0",,,,,
"USC00308839","VICTOR 2 NW, NY US","2012-04-28",,,"0.00",,,,,,,
"USC00308839","VICTOR 2 NW, NY US","2012-04-29",,,"0.00",,,,,,,
"USC00308839","VICTOR 2 NW, NY US","2012-04-30",,,"0.00","0.0","0.0",,,,"0.0",
"USC00308839","VICTOR 2 NW, NY US","2012-05-01",,,"0.22","0.0","0.0",,,,"0.0",
"USC00308839","VICTOR 2 NW, NY US","2012-05-02",,,"0.00","0.0","0.0",,,,"0.0",
"USC00308839","VICTOR 2 NW, NY US","2012-05-07","    3","0.00",,"0.0","0.0",,,,"0.0",
"USC00308839","VICTOR 2 NW, NY US","2012-05-08",,,"1.07","0.0","0.0",,,,"0.0",
"USC00308839","VICTOR 2 NW, NY US","2012-05-09",,,"0.16","0.0","0.0",,,,"0.0",
"USC00308839","VICTOR 2 NW, NY US","2012-05-10",,,"0.00","0.0","0.0",,,,"0.0",
"USC00308839","VICTOR 2 NW, NY US","2012-05-14","    2","0.00",,"0.0","0.0",,,,"0.0",
"USC00308839","VICTOR 2 NW, NY US","2012-05-15",,,"0.00","0.0","0.0",,,,"0.0",
"USC00308839","VICTOR 2 NW, NY US","2012-05-16",,,"0.00","0.0","0.0",,,,"0.0",
"USC00308839","VICTOR 2 NW, NY US","2012-05-17",,,"0.00","0.0","0.0",,,,"0.0",
"USC00308839","VICTOR 2 NW, NY US","2012-05-18",,,"0.00","0.0","0.0",,,,"0.0",
"USC00308839","VICTOR 2 NW, NY US","2012-05-21",,,"0.00","0.0","0.0",,,,"0.0",
"USC00308839","VICTOR 2 NW, NY US","2012-05-22",,,"0.16","0.0","0.0",,,,"0.0",
"USC00308839","VICTOR 2 NW, NY US","2012-05-23",,,"0.20","0.0","0.0",,,,"0.0",
"USC00308839","VICTOR 2 NW, NY US","2012-05-24",,,"0.00","0.0","0.0",,,,"0.0",
"USC00308839","VICTOR 2 NW, NY US","2012-05-29",,,"0.00","0.0","0.0",,,,"0.0",
"USC00308839","VICTOR 2 NW, NY US","2012-05-30",,,"0.15","0.0","0.0",,,,"0.0",
"USC00308839","VICTOR 2 NW, NY US","2012-05-31",,,"0.00","0.0","0.0",,,,"0.0",
"USC00308839","VICTOR 2 NW, NY US","2012-06-01",,,"0.00","0.0","0.0",,,,"0.0",
"USC00308839","VICTOR 2 NW, NY US","2012-06-04","    3","0.00",,"0.0","0.0",,,,"0.0",
"USC00308839","VICTOR 2 NW, NY US","2012-06-05",,,"0.00","0.0","0.0",,,,"0.0",
"USC00308839","VICTOR 2 NW, NY US","2012-06-06",,,"0.00","0.0","0.0",,,,"0.0",
"USC00308839","VICTOR 2 NW, NY US","2012-06-07",,,"0.00",,,,,,,
"USC00308839","VICTOR 2 NW, NY US","2012-06-08",,,"0.00","0.0","0.0",,,,"0.0",
"USC00308839","VICTOR 2 NW, NY US","2012-06-12","    4","0.48",,"0.0","0.0",,,,"0.0",
"USC00308839","VICTOR 2 NW, NY US","2012-06-14","    2","0.00",,"0.0","0.0",,,,"0.0",
"USC00308839","VICTOR 2 NW, NY US","2012-06-16","    2","0.00",,"0.0","0.0",,,,"0.0",
"USC00308839","VICTOR 2 NW, NY US","2012-06-18","    2","0.00",,"0.0","0.0",,,,"0.0",
"USC00308839","VICTOR 2 NW, NY US","2012-06-19",,,"0.22","0.0","0.0",,,,"0.0",
"USC00308839","VICTOR 2 NW, NY US","2012-06-20",,,"0.00","0.0","0.0",,,,"0.0",
"USC00308839","VICTOR 2 NW, NY US","2012-06-21",,,"0.00","0.0","0.0",,,,"0.0",
"USC00308839","VICTOR 2 NW, NY US","2012-06-22",,,"0.00","0.0","0.0",,,,"0.0",
"USC00308839","VICTOR 2 NW, NY US","2012-06-23",,,"0.00","0.0","0.0",,,,"0.0",
"USC00308839","VICTOR 2 NW, NY US","2012-07-06","    5","0.00",,"0.0","0.0",,,,"0.0",
"USC00308839","VICTOR 2 NW, NY US","2012-07-09","    3","0.08",,"0.0","0.0",,,,"0.0",
"USC00308839","VICTOR 2 NW, NY US","2012-07-10",,,"0.00","0.0","0.0",,,,"0.0",
"USC00308839","VICTOR 2 NW, NY US","2012-07-11",,,"0.00","0.0","0.0",,,,"0.0",
"USC00308839","VICTOR 2 NW, NY US","2012-07-12",,,"0.00","0.0","0.0",,,,"0.0",
"USC00308839","VICTOR 2 NW, NY US","2012-08-01",,,"0.00","0.0","0.0",,,,,
"USC00308839","VICTOR 2 NW, NY US","2012-08-02",,,"0.00","0.0","0.0",,,,,
"USC00308839","VICTOR 2 NW, NY US","2012-08-03",,,"0.00","0.0","0.0",,,,,
"USC00308839","VICTOR 2 NW, NY US","2012-08-04",,,"0.00","0.0","0.0",,,,,
"USC00308839","VICTOR 2 NW, NY US","2012-08-05",,,"0.00","0.0","0.0",,,,,
"USC00308839","VICTOR 2 NW, NY US","2012-08-06",,,"0.47","0.0","0.0",,,,,
"USC00308839","VICTOR 2 NW, NY US","2012-08-07",,,"0.00","0.0","0.0",,,,,
"USC00308839","VICTOR 2 NW, NY US","2012-08-08",,,"0.00","0.0","0.0",,,,,
"USC00308839","VICTOR 2 NW, NY US","2012-08-09",,,"0.12","0.0","0.0",,,,"0.0",
"USC00308839","VICTOR 2 NW, NY US","2012-08-13","    4","0.09",,"0.0","0.0",,,,"0.0",
"USC00308839","VICTOR 2 NW, NY US","2012-08-15","    2","0.21",,"0.0","0.0",,,,"0.0",
"USC00308839","VICTOR 2 NW, NY US","2012-08-16",,,"0.00","0.0","0.0",,,,"0.0",
"USC00308839","VICTOR 2 NW, NY US","2012-08-17",,,"0.06","0.0","0.0",,,,"0.0",
"USC00308839","VICTOR 2 NW, NY US","2012-08-18",,,"0.00",,,,,,,
"USC00308839","VICTOR 2 NW, NY US","2012-08-19","    2","0.00",,"0.0","0.0",,,,"0.0",
"USC00308839","VICTOR 2 NW, NY US","2012-08-20",,,"0.00",,,,,,,
"USC00308839","VICTOR 2 NW, NY US","2012-08-21",,,"0.00",,,,,,,
"USC00308839","VICTOR 2 NW, NY US","2012-08-22",,,"0.00","0.0","0.0",,,,"0.0",
"USC00308839","VICTOR 2 NW, NY US","2012-08-23",,,"0.00","0.0","0.0",,,,"0.0",
"USC00308839","VICTOR 2 NW, NY US","2012-08-24",,,"0.00","0.0","0.0",,,,"0.0",
"USC00308839","VICTOR 2 NW, NY US","2012-08-25",,,"0.00","0.0","0.0",,,,"0.0",
"USC00308839","VICTOR 2 NW, NY US","2012-08-26",,,"0.00",,,,,,,
"USC00308839","VICTOR 2 NW, NY US","2012-08-27","    2","0.00",,"0.0","0.0",,,,"0.0",
"USC00308839","VICTOR 2 NW, NY US","2012-08-28",,,"0.11","0.0","0.0",,,,"0.0",
"USC00308839","VICTOR 2 NW, NY US","2012-08-29",,,"0.00",,,,,,,
"USC00308839","VICTOR 2 NW, NY US","2012-08-30",,,"0.00",,,,,,,
"USC00308839","VICTOR 2 NW, NY US","2012-08-31","    3","0.00",,"0.0","0.0",,,,"0.0",
"USC00308839","VICTOR 2 NW, NY US","2012-09-04","    3","0.00",,"0.0","0.0",,,,"0.0",
"USC00308839","VICTOR 2 NW, NY US","2012-09-10","    3","0.79",,"0.0","0.0",,,,"0.0",
"USC00308839","VICTOR 2 NW, NY US","2012-09-11",,,"0.00","0.0","0.0",,,,"0.0",
"USC00308839","VICTOR 2 NW, NY US","2012-09-28","    7","0.29",,"0.0","0.0",,,,"0.0",
"USC00308839","VICTOR 2 NW, NY US","2012-10-08","    3","0.26",,"0.0","0.0",,,,"0.0",
"USC00308839","VICTOR 2 NW, NY US","2012-10-09",,,"0.00","0.0","0.0",,,,"0.0",
"USC00308839","VICTOR 2 NW, NY US","2012-10-11",,,"0.01",,,,,,,
"USC00308839","VICTOR 2 NW, NY US","2012-10-12",,,"0.13",,,,,,,
"USC00308839","VICTOR 2 NW, NY US","2012-10-13",,,"0.02",,,,,,,
"USC00308839","VICTOR 2 NW, NY US","2012-10-14",,,"0.47",,,,,,,
"USC00308839","VICTOR 2 NW, NY US","2012-10-15",,,"0.00",,,,,,,
"USC00308839","VICTOR 2 NW, NY US","2012-10-16",,,"0.00","0.0","0.0",,,,"0.0",
"USC00308839","VICTOR 2 NW, NY US","2012-10-17",,,"0.00",,,,,,,
"USC00308839","VICTOR 2 NW, NY US","2012-10-18",,,"0.00",,,,,,,
"USC00308839","VICTOR 2 NW, NY US","2012-10-19",,,"0.30",,,,,,,
"USC00308839","VICTOR 2 NW, NY US","2012-10-20",,,"0.00",,,,,,,
"USC00308839","VICTOR 2 NW, NY US","2012-10-21",,,"0.00",,,,,,,
"USC00308839","VICTOR 2 NW, NY US","2012-10-22",,,"0.00",,,,,,,
"USC00308839","VICTOR 2 NW, NY US","2012-10-23",,,"0.29","0.0","0.0",,,,"0.0",
"USC00308839","VICTOR 2 NW, NY US","2012-10-24",,,"0.43",,,,,,,
"USC00308839","VICTOR 2 NW, NY US","2012-10-25",,,"0.00",,,,,,,
"USC00308839","VICTOR 2 NW, NY US","2012-10-26",,,"0.00",,,,,,,
"USC00308839","VICTOR 2 NW, NY US","2012-10-27",,,"0.05",,,,,,,
"USC00308839","VICTOR 2 NW, NY US","2012-10-28",,,"0.16",,,,,,,
"USC00308839","VICTOR 2 NW, NY US","2012-10-29",,,"0.31",,,,,,,
"USC00308839","VICTOR 2 NW, NY US","2012-10-30",,,"1.50",,,,,,,
"USC00308839","VICTOR 2 NW, NY US","2012-10-31",,,"0.08",,,,,,,
"USC00308839","VICTOR 2 NW, NY US","2012-11-01",,,"0.22",,,,,,,
"USC00308839","VICTOR 2 NW, NY US","2012-11-02",,,"0.01",,,,,,,
"USC00308839","VICTOR 2 NW, NY US","2012-11-03",,,"0.00",,,,,,,
"USC00308839","VICTOR 2 NW, NY US","2012-11-04",,,"0.04",,,,,,,
"USC00308839","VICTOR 2 NW, NY US","2012-11-05",,,"0.00",,,,,,,
"USC00308839","VICTOR 2 NW, NY US","2012-11-06",,,"0.00",,,,,,,
"USC00308839","VICTOR 2 NW, NY US","2012-11-07",,,"0.00",,,,,,,
"USC00308839","VICTOR 2 NW, NY US","2012-11-08",,,"0.00",,,,,,,
"USC00308839","VICTOR 2 NW, NY US","2012-11-09",,,"0.00",,,,,,,
"USC00308839","VICTOR 2 NW, NY US","2012-11-10",,,"0.00",,,,,,,
"USC00308839","VICTOR 2 NW, NY US","2012-11-11",,,"0.17",,,,,,,
"USC00308839","VICTOR 2 NW, NY US","2012-11-12",,,"0.00",,,,,,,
"USC00308839","VICTOR 2 NW, NY US","2012-11-13",,,"0.29",,,,,,,
"USC00308839","VICTOR 2 NW, NY US","2012-11-14",,,"0.00",,,,,,,
"USC00308839","VICTOR 2 NW, NY US","2012-11-15",,,"0.00",,,,,,,
"USC00308839","VICTOR 2 NW, NY US","2012-11-16",,,"0.00",,,,,,,
"USC00308839","VICTOR 2 NW, NY US","2012-11-17",,,"0.00",,,,,,,
"USC00308839","VICTOR 2 NW, NY US","2012-11-18",,,"0.00",,,,,,,
"USC00308839","VICTOR 2 NW, NY US","2012-11-19",,,"0.00",,,,,,,
"USC00308839","VICTOR 2 NW, NY US","2012-11-20",,,"0.00",,,,,,,
"USC00308839","VICTOR 2 NW, NY US","2012-11-21",,,"0.00",,,,,,,
"USC00308839","VICTOR 2 NW, NY US","2012-11-22",,,"0.00",,,,,,,
"USC00308839","VICTOR 2 NW, NY US","2012-11-23",,,"0.00",,,,,,,
"USC00308839","VICTOR 2 NW, NY US","2012-11-24",,,"0.11",,,,,,,
"USC00308839","VICTOR 2 NW, NY US","2012-11-25",,,"0.00",,,,,,,
"USC00308839","VICTOR 2 NW, NY US","2012-11-26",,,"0.00",,,,,,,
"USC00308839","VICTOR 2 NW, NY US","2012-11-27",,,"0.00",,,,,,,
"USC00308839","VICTOR 2 NW, NY US","2012-11-28",,,"0.00",,,,,,,
"USC00308839","VICTOR 2 NW, NY US","2012-11-29",,,"0.00",,,,,,,
"USC00308839","VICTOR 2 NW, NY US","2012-11-30",,,"0.00",,,,,,,
"USC00308839","VICTOR 2 NW, NY US","2013-02-21",,,,"2.3","2.0",,,,"0.0",
"USC00308839","VICTOR 2 NW, NY US","2018-10-08",,,,"0.0","0.0",,,,"0.0",
"USC00308839","VICTOR 2 NW, NY US","2018-10-11",,,,"0.0","0.0",,,,"0.0",
"USC00308839","VICTOR 2 NW, NY US","2018-10-15",,,,"0.0","0.0",,,,"0.0",
"USC00308839","VICTOR 2 NW, NY US","2018-10-18",,,,"0.0","0.0",,,,"0.0",
"USC00308839","VICTOR 2 NW, NY US","2018-10-22",,,,"0.0","0.0",,,,"0.0",
"USC00308839","VICTOR 2 NW, NY US","2018-10-25",,,,"0.0","0.0",,,,"0.0",
"USC00308839","VICTOR 2 NW, NY US","2018-11-01",,,,"0.0","0.0",,,,"0.0",
"USC00308839","VICTOR 2 NW, NY US","2018-11-05",,,,"0.0","0.0",,,,"0.0",
"USC00308839","VICTOR 2 NW, NY US","2018-11-08",,,,"0.0","0.0",,,,"0.0",
"USC00308839","VICTOR 2 NW, NY US","2018-11-12",,,,"0.0","0.0",,,,"0.0",
"USC00308839","VICTOR 2 NW, NY US","2018-11-15",,,,,"1.0",,,,,
"USC00308839","VICTOR 2 NW, NY US","2018-11-19",,,,,"4.0",,,,"0.5",
"USC00308839","VICTOR 2 NW, NY US","2018-12-01",,,,,,"34","31","32",,
"USC00308839","VICTOR 2 NW, NY US","2018-12-02",,,,,,"44","31","45",,
"USC00308839","VICTOR 2 NW, NY US","2018-12-03",,,,,,"57","41","40",,
"USC00308839","VICTOR 2 NW, NY US","2018-12-04",,,,,,"43","27","26",,
"USC00308839","VICTOR 2 NW, NY US","2018-12-05",,,,,,"66","13","16",,
"USC00308839","VICTOR 2 NW, NY US","2018-12-06",,,,,,"69","13","29",,
"USC00308839","VICTOR 2 NW, NY US","2018-12-07",,,,,,"37","23","22",,
"USC00308839","VICTOR 2 NW, NY US","2018-12-08",,,,,,"61","17","21",,
"USC00308839","VICTOR 2 NW, NY US","2018-12-09",,,,,,"61","19","24",,
"USC00308839","VICTOR 2 NW, NY US","2018-12-10",,,,,,"70","24","28",,
"USC00308839","VICTOR 2 NW, NY US","2018-12-11",,,,,,"33","28","29",,
"USC00308839","VICTOR 2 NW, NY US","2018-12-12",,,,,,"31","27","30",,
"USC00308839","VICTOR 2 NW, NY US","2018-12-13",,,,,,"52","28","28",,
"USC00308839","VICTOR 2 NW, NY US","2018-12-14",,,,,,"43","26","28",,
"USC00308839","VICTOR 2 NW, NY US","2018-12-15",,,,,,"48","26","38",,
"USC00308839","VICTOR 2 NW, NY US","2018-12-16",,,,,,"39","0","32",,
"USC00308839","VICTOR 2 NW, NY US","2018-12-17",,,,,,"36","31","34",,
"USC00308839","VICTOR 2 NW, NY US","2018-12-18",,,,,,"37","24","24",,
"USC00308839","VICTOR 2 NW, NY US","2018-12-19",,,,,,"56","16","19",,
"USC00308839","VICTOR 2 NW, NY US","2018-12-20",,,,,,"73","18","24",,
"USC00308839","VICTOR 2 NW, NY US","2018-12-21",,,,,,"52","23","52",,
"USC00308839","VICTOR 2 NW, NY US","2018-12-22",,,,,,"70","29","29",,
"USC00308839","VICTOR 2 NW, NY US","2018-12-23",,,,,,"70","28","28",,
"USC00308839","VICTOR 2 NW, NY US","2018-12-24",,,,,,"34","28","33",,
"USC00308839","VICTOR 2 NW, NY US","2018-12-25",,,,,,"36","29","29",,
"USC00308839","VICTOR 2 NW, NY US","2018-12-26",,,,,,"34","28","30",,
"USC00308839","VICTOR 2 NW, NY US","2018-12-27",,,,,,"36","0","22",,
"USC00308839","VICTOR 2 NW, NY US","2018-12-28",,,,,,"74","22","49",,
"USC00308839","VICTOR 2 NW, NY US","2018-12-29",,,,,,"56","36","36",,
"USC00308839","VICTOR 2 NW, NY US","2018-12-30",,,,,,"62","0","22",,
"USC00308839","VICTOR 2 NW, NY US","2018-12-31",,,,,,"67","21","23",,
"USC00308839","VICTOR 2 NW, NY US","2019-01-01",,,,,,"55","22","38",,
"USC00308839","VICTOR 2 NW, NY US","2019-01-02",,,,,,"64","24","24",,
"USC00308839","VICTOR 2 NW, NY US","2019-01-03",,,,,,"71","24","32",,
"USC00308839","VICTOR 2 NW, NY US","2019-01-04",,,,,,"75","31","35",,
"USC00308839","VICTOR 2 NW, NY US","2019-01-05",,,,,,"50","24","24",,
"USC00308839","VICTOR 2 NW, NY US","2019-01-06",,,,,,"39","24","36",,
"USC00308839","VICTOR 2 NW, NY US","2019-01-07",,,,,,"37","18","18",,
"USC00308839","VICTOR 2 NW, NY US","2019-01-08",,,,,,"64","17","46",,
"USC00308839","VICTOR 2 NW, NY US","2019-01-09",,,,,,"57","34","33",,
"USC00308839","VICTOR 2 NW, NY US","2019-01-10",,,,,,"34","21","21",,
"USC00308839","VICTOR 2 NW, NY US","2019-01-11",,,,,,"24","11","11",,
"USC00308839","VICTOR 2 NW, NY US","2019-01-12",,,,,,"56","8","17",,
"USC00308839","VICTOR 2 NW, NY US","2019-01-13",,,,,,"59","6","5",,
"USC00308839","VICTOR 2 NW, NY US","2019-01-14",,,,,,"21","5","15",,
"USC00308839","VICTOR 2 NW, NY US","2019-01-15",,,,,,"27","15","26",,
"USC00308839","VICTOR 2 NW, NY US","2019-01-16",,,,,,"66","25","31",,
"USC00308839","VICTOR 2 NW, NY US","2019-01-17",,,,,,"74","4","5",,
"USC00308839","VICTOR 2 NW, NY US","2019-01-18",,,,,,"29","4","28",,
"USC00308839","VICTOR 2 NW, NY US","2019-01-19",,,,,,"32","0","15",,
"USC00308839","VICTOR 2 NW, NY US","2019-01-20",,,,,,"18","8","6",,
"USC00308839","VICTOR 2 NW, NY US","2019-01-21",,,,,,"10","-5","-3",,
"USC00308839","VICTOR 2 NW, NY US","2019-01-22",,,,,,"9","-3","4",,
"USC00308839","VICTOR 2 NW, NY US","2019-01-23",,,,,,"51","4","30",,
"USC00308839","VICTOR 2 NW, NY US","2019-01-24",,,,,,"48","29","35",,
"USC00308839","VICTOR 2 NW, NY US","2019-01-25",,,,,,"37","24","23",,
"USC00308839","VICTOR 2 NW, NY US","2019-01-26",,,,,,"59","7","10",,
"USC00308839","VICTOR 2 NW, NY US","2019-01-27",,,,,,"62","9","27",,
"USC00308839","VICTOR 2 NW, NY US","2019-01-28",,,,,,"29","9","10",,
"USC00308839","VICTOR 2 NW, NY US","2019-01-29",,,,,,"33","10","30",,
"USC00308839","VICTOR 2 NW, NY US","2019-01-30",,,,,,"31","8","9",,
"USC00308839","VICTOR 2 NW, NY US","2019-01-31",,,,,,"58","-5","-1",,
"USC00308839","VICTOR 2 NW, NY US","2019-02-01",,,,,,"10","-1","2",,
"USC00308839","VICTOR 2 NW, NY US","2019-02-02",,,,,,"49","-3","16",,
"USC00308839","VICTOR 2 NW, NY US","2019-02-03",,,,,,"39","8","32",,
"USC00308839","VICTOR 2 NW, NY US","2019-02-04",,,,,,"56","32","44",,
"USC00308839","VICTOR 2 NW, NY US","2019-02-05",,,,,,"64","44","47",,
"USC00308839","VICTOR 2 NW, NY US","2019-02-06",,,,,,"48","24","25",,
"USC00308839","VICTOR 2 NW, NY US","2019-02-07",,,,,,"36","24","27",,
"USC00308839","VICTOR 2 NW, NY US","2019-02-08",,,,,,"62","27","32",,
"USC00308839","VICTOR 2 NW, NY US","2019-02-09",,,,,,"33","14","15",,
"USC00308839","VICTOR 2 NW, NY US","2019-02-10",,,,,,"64","15","16",,
"USC00308839","VICTOR 2 NW, NY US","2019-02-11",,,,,,"29","16","23",,
"USC00308839","VICTOR 2 NW, NY US","2019-02-12",,,,,,"29","20","22",,
"USC00308839","VICTOR 2 NW, NY US","2019-02-13",,,,,,"36","21","29",,
"USC00308839","VICTOR 2 NW, NY US","2019-02-14",,,,,,"69","0","26",,
"USC00308839","VICTOR 2 NW, NY US","2019-02-20",,,,,,"24","5","16",,
"USC00308839","VICTOR 2 NW, NY US","2019-02-21",,,,,,"40","15","38",,
"USC00308839","VICTOR 2 NW, NY US","2019-02-22",,,,,,"39","28","29",,
"USC00308839","VICTOR 2 NW, NY US","2019-02-23",,,,,,"34","21","25",,
"USC00308839","VICTOR 2 NW, NY US","2019-02-24",,,,,,"42","22","42",,
"USC00308839","VICTOR 2 NW, NY US","2019-02-25",,,,,,"57","24","23",,
"USC00308839","VICTOR 2 NW, NY US","2019-02-26",,,,,,"25","16","16",,
"USC00308839","VICTOR 2 NW, NY US","2019-02-27",,,,,,"22","10","10",,
"USC00308839","VICTOR 2 NW, NY US","2019-02-28",,,,,,"15","10","14",,
"USC00308839","VICTOR 2 NW, NY US","2019-03-01",,,,,,"22","7","12",,
"USC00308839","VICTOR 2 NW, NY US","2019-03-02",,,,,,"36","9","28",,
"USC00308839","VICTOR 2 NW, NY US","2019-03-03",,,,,,"37","24","25",,
"USC00308839","VICTOR 2 NW, NY US","2019-03-04",,,,,,"31","19","19",,
"USC00308839","VICTOR 2 NW, NY US","2019-03-05",,,,,,"23","7","10",,
"USC00308839","VICTOR 2 NW, NY US","2019-03-06",,,,,,"20","9","12",,
"USC00308839","VICTOR 2 NW, NY US","2019-03-07",,,,,,"18","6","14",,
"USC00308839","VICTOR 2 NW, NY US","2019-03-08",,,,,,"25","0","7",,
"USC00308839","VICTOR 2 NW, NY US","2019-03-09",,,,,,"34","1","14",,
"USC00308839","VICTOR 2 NW, NY US","2019-03-10",,,,,,"40","7","39",,
"USC00308839","VICTOR 2 NW, NY US","2019-03-11",,,,,,"43","34","35",,
"USC00308839","VICTOR 2 NW, NY US","2019-03-12",,,,,,"36","27","27",,
"USC00308839","VICTOR 2 NW, NY US","2019-03-13",,,,,,"37","18","23",,
"USC00308839","VICTOR 2 NW, NY US","2019-03-14",,,,,,"45","21","43",,
"USC00308839","VICTOR 2 NW, NY US","2019-03-15",,,,,,"66","43","51",,
"USC00308839","VICTOR 2 NW, NY US","2019-03-16",,,,,,"54","31","31",,
"USC00308839","VICTOR 2 NW, NY US","2019-03-17",,,,,,"38","24","24",,
"USC00308839","VICTOR 2 NW, NY US","2019-03-18",,,,,,"68","24","26",,
"USC00308839","VICTOR 2 NW, NY US","2019-03-19",,,,,,"37","23","28",,
"USC00308839","VICTOR 2 NW, NY US","2019-03-20",,,,,,"44","23","27",,
"USC00308839","VICTOR 2 NW, NY US","2019-03-21",,,,,,"54","26","38",,
"USC00308839","VICTOR 2 NW, NY US","2019-03-22",,,,,,"52","36","36",,
"USC00308839","VICTOR 2 NW, NY US","2019-03-23",,,,,,"61","21","21",,
"USC00308839","VICTOR 2 NW, NY US","2019-03-24",,,,,,"39","21","38",,
"USC00308839","VICTOR 2 NW, NY US","2019-03-25",,,,,,"51","28","29",,
"USC00308839","VICTOR 2 NW, NY US","2019-03-26",,,,,,"40","18","23",,
"USC00308839","VICTOR 2 NW, NY US","2019-03-27",,,,,,"38","17","23",,
"USC00308839","VICTOR 2 NW, NY US","2019-03-28",,,,,,"51","20","45",,
"USC00308839","VICTOR 2 NW, NY US","2019-03-29",,,,,,"57","39","39",,
"USC00308839","VICTOR 2 NW, NY US","2019-03-30",,,,,,"54","39","49",,
"USC00308839","VICTOR 2 NW, NY US","2019-03-31",,,,,,"69","32","33",,
"USC00308839","VICTOR 2 NW, NY US","2019-04-01",,,,,,"65","22","25",,
"USC00308839","VICTOR 2 NW, NY US","2019-04-02",,,,,,"38","23","34",,
"USC00308839","VICTOR 2 NW, NY US","2019-04-03",,,,,,"52","31","45",,
"USC00308839","VICTOR 2 NW, NY US","2019-04-04",,,,,,"48","26","34",,
"USC00308839","VICTOR 2 NW, NY US","2019-04-05",,,,,,"41","28","35",,
"USC00308839","VICTOR 2 NW, NY US","2019-04-06",,,,,,"43","34","43",,
"USC00308839","VICTOR 2 NW, NY US","2019-04-07",,,,,,"60","37","41",,
"USC00308839","VICTOR 2 NW, NY US","2019-04-08",,,,,,"64","40","61",,
"USC00308839","VICTOR 2 NW, NY US","2019-04-09",,,,,,"65","44","49",,
"USC00308839","VICTOR 2 NW, NY US","2019-04-10",,,,,,"62","33","34",,
"USC00308839","VICTOR 2 NW, NY US","2019-04-11",,,,,,"43","30","33",,
"USC00308839","VICTOR 2 NW, NY US","2019-04-12",,,,,,"51","32","51",,
"USC00308839","VICTOR 2 NW, NY US","2019-04-13",,,,,,"71","46","50",,
"USC00308839","VICTOR 2 NW, NY US","2019-04-14",,,,,,"67","42","43",,
"USC00308839","VICTOR 2 NW, NY US","2019-04-15",,,,,,"45","38","40",,
"USC00308839","VICTOR 2 NW, NY US","2019-04-16",,,,,,"44","29","40",,
"USC00308839","VICTOR 2 NW, NY US","2019-04-17",,,,,,"52","30","38",,
"USC00308839","VICTOR 2 NW, NY US","2019-04-18",,,,,,"60","35","56",,
"USC00308839","VICTOR 2 NW, NY US","2019-04-19",,,,,,"71","55","57",,
"USC00308839","VICTOR 2 NW, NY US","2019-04-20",,,,,,"73","39","39",,
"USC00308839","VICTOR 2 NW, NY US","2019-04-21",,,,,,"48","39","47",,
"USC00308839","VICTOR 2 NW, NY US","2019-04-22",,,,,,"55","38","44",,
"USC00308839","VICTOR 2 NW, NY US","2019-04-23",,,,,,"62","40","50",,
"USC00308839","VICTOR 2 NW, NY US","2019-04-24",,,,,,"76","43","44",,
"USC00308839","VICTOR 2 NW, NY US","2019-04-25",,,,,,"54","32","44",,
"USC00308839","VICTOR 2 NW, NY US","2019-04-26",,,,,,"65","41","55",,
"USC00308839","VICTOR 2 NW, NY US","2019-04-27",,,,,,"68","34","34",,
"USC00308839","VICTOR 2 NW, NY US","2019-04-28",,,,,,"45","32","36",,
"USC00308839","VICTOR 2 NW, NY US","2019-04-29",,,,,,"50","27","38",,
"USC00308839","VICTOR 2 NW, NY US","2019-04-30",,,,,,"48","37","41",,
"USC00308839","VICTOR 2 NW, NY US","2019-05-01",,,,,,"52","40","43",,
"USC00308839","VICTOR 2 NW, NY US","2019-05-02",,,,,,"70","42","42",,
"USC00308839","VICTOR 2 NW, NY US","2019-05-03",,,,,,"56","41","49",,
"USC00308839","VICTOR 2 NW, NY US","2019-05-04",,,,,,"62","46","47",,
"USC00308839","VICTOR 2 NW, NY US","2019-05-05",,,,,,"51","42","47",,
"USC00308839","VICTOR 2 NW, NY US","2019-05-06",,,,,,"63","43","53",,
"USC00308839","VICTOR 2 NW, NY US","2019-05-07",,,,,,"75","52","53",,
"USC00308839","VICTOR 2 NW, NY US","2019-05-08",,,,,,"53","40","45",,
"USC00308839","VICTOR 2 NW, NY US","2019-05-09",,,,,,"54","41","49",,
"USC00308839","VICTOR 2 NW, NY US","2019-05-10",,,,,,"74","48","60",,
"USC00308839","VICTOR 2 NW, NY US","2019-05-11",,,,,,"70","40","46",,
"USC00308839","VICTOR 2 NW, NY US","2019-05-12",,,,,,"58","43","43",,
"USC00308839","VICTOR 2 NW, NY US","2019-05-13",,,,,,"45","41","42",,
"USC00308839","VICTOR 2 NW, NY US","2019-05-14",,,,,,"46","25","39",,
"USC00308839","VICTOR 2 NW, NY US","2019-05-15",,,,,,"47","37","44",,
"USC00308839","VICTOR 2 NW, NY US","2019-05-16",,,,,,"70","42","48",,
"USC00308839","VICTOR 2 NW, NY US","2019-05-17",,,,,,"66","47","64",,
"USC00308839","VICTOR 2 NW, NY US","2019-05-18",,,,,,"69","40","50",,
"USC00308839","VICTOR 2 NW, NY US","2019-05-19",,,,,,"74","48","74",,
"USC00308839","VICTOR 2 NW, NY US","2019-05-20",,,,,,"86","64","66",,
"USC00308839","VICTOR 2 NW, NY US","2019-05-21",,,,,,"72","42","50",,
"USC00308839","VICTOR 2 NW, NY US","2019-05-22",,,,,,"65","41","51",,
"USC00308839","VICTOR 2 NW, NY US","2019-05-23",,,,,,"67","49","62",,
"USC00308839","VICTOR 2 NW, NY US","2019-05-24",,,,,,"79","54","57",,
"USC00308839","VICTOR 2 NW, NY US","2019-05-25",,,,,,"68","47","59",,
"USC00308839","VICTOR 2 NW, NY US","2019-05-26",,,,,,"83","58","69",,
"USC00308839","VICTOR 2 NW, NY US","2019-05-27",,,,,,"80","49","57",,
"USC00308839","VICTOR 2 NW, NY US","2019-05-28",,,,,,"76","55","55",,
"USC00308839","VICTOR 2 NW, NY US","2019-05-29",,,,,,"65","50","52",,
"USC00308839","VICTOR 2 NW, NY US","2019-05-30",,,,,,"60","49","56",,
"USC00308839","VICTOR 2 NW, NY US","2019-05-31",,,,,,"73","55","58",,
"USC00308839","VICTOR 2 NW, NY US","2019-06-01",,,,,,"72","53","66",,
"USC00308839","VICTOR 2 NW, NY US","2019-06-02",,,,,,"79","56","60",,
"USC00308839","VICTOR 2 NW, NY US","2019-06-03",,,,,,"67","44","48",,
"USC00308839","VICTOR 2 NW, NY US","2019-06-04",,,,,,"63","41","52",,
"USC00308839","VICTOR 2 NW, NY US","2019-06-05",,,,,,"67","51","67",,
"USC00308839","VICTOR 2 NW, NY US","2019-06-06",,,,,,"77","55","55",,
"USC00308839","VICTOR 2 NW, NY US","2019-06-07",,,,,,"74","48","58",,
"USC00308839","VICTOR 2 NW, NY US","2019-06-08",,,,,,"77","47","61",,
"USC00308839","VICTOR 2 NW, NY US","2019-06-09",,,,,,"78","49","65",,
"USC00308839","VICTOR 2 NW, NY US","2019-06-10",,,,,,"82","57","63",,
"USC00308839","VICTOR 2 NW, NY US","2019-06-11",,,,,,"74","55","57",,
"USC00308839","VICTOR 2 NW, NY US","2019-06-12",,,,,,"71","44","55",,
"USC00308839","VICTOR 2 NW, NY US","2019-06-13",,,,,,"75","53","61",,
"USC00308839","VICTOR 2 NW, NY US","2019-06-14",,,,,,"65","53","54",,
"USC00308839","VICTOR 2 NW, NY US","2019-06-15",,,,,,"71","54","66",,
"USC00308839","VICTOR 2 NW, NY US","2019-06-16",,,,,,"75","55","55",,
"USC00308839","VICTOR 2 NW, NY US","2019-06-17",,,,,,"60","47","55",,
"USC00308839","VICTOR 2 NW, NY US","2019-06-18",,,,,,"74","54","62",,
"USC00308839","VICTOR 2 NW, NY US","2019-06-19",,,,,,"78","56","63",,
"USC00308839","VICTOR 2 NW, NY US","2019-06-20",,,,,,"80","62","65",,
"USC00308839","VICTOR 2 NW, NY US","2019-06-21",,,,,,"65","59","62",,
"USC00308839","VICTOR 2 NW, NY US","2019-06-22",,,,,,"75","51","60",,
"USC00308839","VICTOR 2 NW, NY US","2019-06-23",,,,,,"76","52","63",,
"USC00308839","VICTOR 2 NW, NY US","2019-06-24",,,,,,"81","52","60",,
"USC00308839","VICTOR 2 NW, NY US","2019-06-25",,,,,,"78","59","70",,
"USC00308839","VICTOR 2 NW, NY US","2019-06-26",,,,,,"80","58","72",,
"USC00308839","VICTOR 2 NW, NY US","2019-06-27",,,,,,"86","58","67",,
"USC00308839","VICTOR 2 NW, NY US","2019-06-28",,,,,,"84","58","67",,
"USC00308839","VICTOR 2 NW, NY US","2019-06-29",,,,,,"88","65","72",,
"USC00308839","VICTOR 2 NW, NY US","2019-06-30",,,,,,"84","59","67",,
"USC00308839","VICTOR 2 NW, NY US","2019-07-01",,,,,,"73","52","62",,
"USC00308839","VICTOR 2 NW, NY US","2019-07-02",,,,,,"81","60","67",,
"USC00308839","VICTOR 2 NW, NY US","2019-07-03",,,,,,"79","63","70",,
"USC00308839","VICTOR 2 NW, NY US","2019-07-04",,,,,,"85","63","71",,
"USC00308839","VICTOR 2 NW, NY US","2019-07-05",,,,,,"92","70","77",,
"USC00308839","VICTOR 2 NW, NY US","2019-07-06",,,,,,"90","70","78",,
"USC00308839","VICTOR 2 NW, NY US","2019-07-07",,,,,,"83","63","64",,
"USC00308839","VICTOR 2 NW, NY US","2019-07-08",,,,,,"76","50","59",,
"USC00308839","VICTOR 2 NW, NY US","2019-07-09",,,,,,"78","50","58",,
"USC00308839","VICTOR 2 NW, NY US","2019-07-10",,,,,,"83","57","66",,
"USC00308839","VICTOR 2 NW, NY US","2019-07-11",,,,,,"90","65","76",,
"USC00308839","VICTOR 2 NW, NY US","2019-07-12",,,,,,"85","61","65",,
"USC00308839","VICTOR 2 NW, NY US","2019-07-13",,,,,,"75","58","67",,
"USC00308839","VICTOR 2 NW, NY US","2019-07-14",,,,,,"86","64","67",,
"USC00308839","VICTOR 2 NW, NY US","2019-07-15",,,,,,"81","58","64",,
"USC00308839","VICTOR 2 NW, NY US","2019-07-17",,,,,,"91","69","74",,
"USC00308839","VICTOR 2 NW, NY US","2019-07-18",,,,,,"79","68","69",,
"USC00308839","VICTOR 2 NW, NY US","2019-07-19",,,,,,"86","69","79",,
"USC00308839","VICTOR 2 NW, NY US","2019-07-20",,,,,,"89","74","78",,
"USC00308839","VICTOR 2 NW, NY US","2019-07-21",,,,,,"91","74","77",,
"USC00308839","VICTOR 2 NW, NY US","2019-07-22",,,,,,"84","63","65",,
"USC00308839","VICTOR 2 NW, NY US","2019-07-23",,,,,,"70","61","64",,
"USC00308839","VICTOR 2 NW, NY US","2019-07-24",,,,,,"78","55","62",,
"USC00308839","VICTOR 2 NW, NY US","2019-07-25",,,,,,"76","55","62",,
"USC00308839","VICTOR 2 NW, NY US","2019-07-26",,,,,,"82","59","66",,
"USC00308839","VICTOR 2 NW, NY US","2019-07-27",,,,,,"85","60","68",,
"USC00308839","VICTOR 2 NW, NY US","2019-07-28",,,,,,"87","65","76",,
"USC00308839","VICTOR 2 NW, NY US","2019-07-29",,,,,,"83","66","73",,
"USC00308839","VICTOR 2 NW, NY US","2019-07-30",,,,,,"89","66","72",,
"USC00308839","VICTOR 2 NW, NY US","2019-07-31",,,,,,"83","64","67",,
"USC00308839","VICTOR 2 NW, NY US","2019-08-01",,,,,,"83","58","63",,
"USC00308839","VICTOR 2 NW, NY US","2019-08-02",,,,,,"81","51","57",,
"USC00308839","VICTOR 2 NW, NY US","2019-08-03",,,,,,"83","56","65",,
"USC00308839","VICTOR 2 NW, NY US","2019-08-04",,,,,,"85","61","67",,
"USC00308839","VICTOR 2 NW, NY US","2019-08-05",,,,,,"79","48","55",,
"USC00308839","VICTOR 2 NW, NY US","2019-08-06",,,,,,"96","53","71",,
"USC00308839","VICTOR 2 NW, NY US","2019-08-07",,,,,,"89","65","66",,
"USC00308839","VICTOR 2 NW, NY US","2019-08-08",,,,,,"76","64","69",,
"USC00308839","VICTOR 2 NW, NY US","2019-08-09",,,,,,"82","57","62",,
"USC00308839","VICTOR 2 NW, NY US","2019-08-10",,,,,,"78","58","61",,
"USC00308839","VICTOR 2 NW, NY US","2019-08-11",,,,,,"76","52","59",,
"USC00308839","VICTOR 2 NW, NY US","2019-08-12",,,,,,"81","58","65",,
"USC00308839","VICTOR 2 NW, NY US","2019-08-13",,,,,,"85","63","69",,
"USC00308839","VICTOR 2 NW, NY US","2019-08-14",,,,,,"82","58","62",,
"USC00308839","VICTOR 2 NW, NY US","2019-08-15",,,,,,"78","55","60",,
"USC00308839","VICTOR 2 NW, NY US","2019-08-16",,,,,,"79","59","63",,
"USC00308839","VICTOR 2 NW, NY US","2019-08-17",,,,,,"81","61","65",,
"USC00308839","VICTOR 2 NW, NY US","2019-08-18",,,,,,"78","62","67",,
"USC00308839","VICTOR 2 NW, NY US","2019-08-19",,,,,,"87","66","73",,
"USC00308839","VICTOR 2 NW, NY US","2019-08-20",,,,,,"83","59","65",,
"USC00308839","VICTOR 2 NW, NY US","2019-08-21",,,,,,"85","62","67",,
"USC00308839","VICTOR 2 NW, NY US","2019-08-22",,,,,,"85","66","68",,
"USC00308839","VICTOR 2 NW, NY US","2019-08-23",,,,,,"73","54","60",,
"USC00308839","VICTOR 2 NW, NY US","2019-08-24",,,,,,"74","50","54",,
"USC00308839","VICTOR 2 NW, NY US","2019-08-25",,,,,,"69","49","54",,
"USC00308839","VICTOR 2 NW, NY US","2019-08-26",,,,,,"77","51","57",,
"USC00308839","VICTOR 2 NW, NY US","2019-08-27",,,,,,"74","57","64",,
"USC00308839","VICTOR 2 NW, NY US","2019-08-28",,,,,,"77","63","67",,
"USC00308839","VICTOR 2 NW, NY US","2019-08-29",,,,,,"80","57","61",,
"USC00308839","VICTOR 2 NW, NY US","2019-08-30",,,,,,"76","57","69",,
"USC00308839","VICTOR 2 NW, NY US","2019-08-31",,,,,,"78","49","53",,
"USC00308839","VICTOR 2 NW, NY US","2019-09-01",,,,,,"73","51","56",,
"USC00308839","VICTOR 2 NW, NY US","2019-09-02",,,,,,"76","55","64",,
"USC00308839","VICTOR 2 NW, NY US","2019-09-03",,,,,,"73","61","64",,
"USC00308839","VICTOR 2 NW, NY US","2019-09-04",,,,,,"77","62","67",,
"USC00308839","VICTOR 2 NW, NY US","2019-09-05",,,,,,"77","49","53",,
"USC00308839","VICTOR 2 NW, NY US","2019-09-06",,,,,,"74","48","52",,
"USC00308839","VICTOR 2 NW, NY US","2019-09-07",,,,,,"75","51","56",,
"USC00308839","VICTOR 2 NW, NY US","2019-09-08",,,,,,"70","52","56",,
"USC00308839","VICTOR 2 NW, NY US","2019-09-09",,,,,,"68","47","51",,
"USC00308839","VICTOR 2 NW, NY US","2019-09-10",,,,,,"65","46","51",,
"USC00308839","VICTOR 2 NW, NY US","2019-09-11",,,,,,"83","50","69",,
"USC00308839","VICTOR 2 NW, NY US","2019-09-12",,,,,,"85","59","59",,
"USC00308839","VICTOR 2 NW, NY US","2019-09-13",,,,,,"64","48","52",,
"USC00308839","VICTOR 2 NW, NY US","2019-09-14",,,,,,"69","52","64",,
"USC00308839","VICTOR 2 NW, NY US","2019-09-15",,,,,,"76","52","56",,
"USC00308839","VICTOR 2 NW, NY US","2019-09-16",,,,,,"74","55","59",,
"USC00308839","VICTOR 2 NW, NY US","2019-09-17",,,,,,"72","44","48",,
"USC00308839","VICTOR 2 NW, NY US","2019-09-18",,,,,,"73","45","48",,
"USC00308839","VICTOR 2 NW, NY US","2019-09-19",,,,,,"72","44","48",,
"USC00308839","VICTOR 2 NW, NY US","2019-09-20",,,,,,"74","47","50",,
"USC00308839","VICTOR 2 NW, NY US","2019-09-21",,,,,,"78","49","53",,
"USC00308839","VICTOR 2 NW, NY US","2019-09-22",,,,,,"85","52","63",,
"USC00308839","VICTOR 2 NW, NY US","2019-09-23",,,,,,"87","62","73",,
"USC00308839","VICTOR 2 NW, NY US","2019-09-24",,,,,,"77","57","58",,
"USC00308839","VICTOR 2 NW, NY US","2019-09-25",,,,,,"67","49","53",,
"USC00308839","VICTOR 2 NW, NY US","2019-09-26",,,,,,"79","51","62",,
"USC00308839","VICTOR 2 NW, NY US","2019-09-27",,,,,,"71","43","46",,
"USC00308839","VICTOR 2 NW, NY US","2019-09-28",,,,,,"74","45","65",,
"USC00308839","VICTOR 2 NW, NY US","2019-09-29",,,,,,"78","53","53",,
"USC00308839","VICTOR 2 NW, NY US","2019-09-30",,,,,,"61","50","52",,
"USC00308839","VICTOR 2 NW, NY US","2019-10-01",,,,,,"71","52","71",,
"USC00308839","VICTOR 2 NW, NY US","2019-10-02",,,,,,"89","65","67",,
"USC00308839","VICTOR 2 NW, NY US","2019-10-03",,,,,,"67","47","47",,
"USC00308839","VICTOR 2 NW, NY US","2019-10-04",,,,,,"56","45","45",,
"USC00308839","VICTOR 2 NW, NY US","2019-10-05",,,,,,"50","34","37",,
"USC00308839","VICTOR 2 NW, NY US","2019-10-06",,,,,,"58","36","55",,
"USC00308839","VICTOR 2 NW, NY US","2019-10-07",,,,,,"75","54","54",,
"USC00308839","VICTOR 2 NW, NY US","2019-10-08",,,,,,"61","40","43",,
"USC00308839","VICTOR 2 NW, NY US","2019-10-09",,,,,,"65","36","38",,
"USC00308839","VICTOR 2 NW, NY US","2019-10-10",,,,,,"63","35","39",,
"USC00308839","VICTOR 2 NW, NY US","2019-10-11",,,,,,"64","37","40",,
"USC00308839","VICTOR 2 NW, NY US","2019-10-12",,,,,,"69","38","50",,
"USC00308839","VICTOR 2 NW, NY US","2019-10-13",,,,,,"55","35","38",,
"USC00308839","VICTOR 2 NW, NY US","2019-10-14",,,,,,"65","37","48",,
"USC00308839","VICTOR 2 NW, NY US","2019-10-15",,,,,,"50","36","37",,
"USC00308839","VICTOR 2 NW, NY US","2019-10-16",,,,,,"61","36","55",,
"USC00308839","VICTOR 2 NW, NY US","2019-10-17",,,,,,"59","43","46",,
"USC00308839","VICTOR 2 NW, NY US","2019-10-18",,,,,,"46","42","43",,
"USC00308839","VICTOR 2 NW, NY US","2019-10-19",,,,,,"71","30","31",,
"USC00308839","VICTOR 2 NW, NY US","2019-10-20",,,,,,"58","31","39",,
"USC00308839","VICTOR 2 NW, NY US","2019-10-21",,,,,,"68","36","38",,
"USC00308839","VICTOR 2 NW, NY US","2019-10-22",,,,,,"66","37","59",,
"USC00308839","VICTOR 2 NW, NY US","2019-10-23",,,,,,"60","43","48",,
"USC00308839","VICTOR 2 NW, NY US","2019-10-24",,,,,,"59","47","52",,
"USC00308839","VICTOR 2 NW, NY US","2019-10-25",,,,,,"61","41","44",,
"USC00308839","VICTOR 2 NW, NY US","2019-10-26",,,,,,"53","41","44",,
"USC00308839","VICTOR 2 NW, NY US","2019-10-27",,,,,,"56","44","54",,
"USC00308839","VICTOR 2 NW, NY US","2019-10-28",,,,,,"62","42","44",,
"USC00308839","VICTOR 2 NW, NY US","2019-10-29",,,,,,"68","41","50",,
"USC00308839","VICTOR 2 NW, NY US","2019-10-30",,,,,,"73","49","54",,
"USC00308839","VICTOR 2 NW, NY US","2019-10-31",,,,,,"59","53","57",,
"USC00308839","VICTOR 2 NW, NY US","2019-11-01",,,,,,"66","37","38",,
"USC00308839","VICTOR 2 NW, NY US","2019-11-02",,,,,,"41","36","38",,
"USC00308839","VICTOR 2 NW, NY US","2019-11-03",,,,,,"51","36","37",,
"USC00308839","VICTOR 2 NW, NY US","2019-11-04",,,,,,"43","31","39",,
"USC00308839","VICTOR 2 NW, NY US","2019-11-05",,,,,,"53","38","47",,
"USC00308839","VICTOR 2 NW, NY US","2019-11-06",,,,,,"49","31","33",,
"USC00308839","VICTOR 2 NW, NY US","2019-11-07",,,,,,"46","31","38",,
"USC00308839","VICTOR 2 NW, NY US","2019-11-08",,,,,,,"24","25",,
"USC00308839","VICTOR 2 NW, NY US","2019-11-09",,,,,,"32","17","27",,
"USC00308839","VICTOR 2 NW, NY US","2019-11-10",,,,,,"39","24","40",,
"USC00308839","VICTOR 2 NW, NY US","2019-11-11",,,,,,"45","31","31",,
"USC00308839","VICTOR 2 NW, NY US","2019-11-12",,,,,,"31","23","22",,
"USC00308839","VICTOR 2 NW, NY US","2019-11-13",,,,,,"56","13","16",,
"USC00308839","VICTOR 2 NW, NY US","2019-11-14",,,,,,"28","13","29",,
"USC00308839","VICTOR 2 NW, NY US","2019-11-15",,,,,,"38","27","33",,
"USC00308839","VICTOR 2 NW, NY US","2019-11-16",,,,,,"36","21","21",,
"USC00308839","VICTOR 2 NW, NY US","2019-11-17",,,,,,"29","14","22",,
"USC00308839","VICTOR 2 NW, NY US","2019-11-18",,,,,,"41","15","30",,
"USC00308839","VICTOR 2 NW, NY US","2019-11-19",,,,,,"41","28","35",,
"USC00308839","VICTOR 2 NW, NY US","2019-11-20",,,,,,"41","34","36",,
"USC00308839","VICTOR 2 NW, NY US","2019-11-21",,,,,,"41","27","29",,
"USC00308839","VICTOR 2 NW, NY US","2019-11-22",,,,,,"52","27","41",,
"USC00308839","VICTOR 2 NW, NY US","2019-11-23",,,,,,"43","24","27",,
"USC00308839","VICTOR 2 NW, NY US","2019-11-24",,,,,,"44","24","35",,
"USC00308839","VICTOR 2 NW, NY US","2019-11-25",,,,,,"45","33","41",,
"USC00308839","VICTOR 2 NW, NY US","2019-11-26",,,,,,"53","33","48",,
"USC00308839","VICTOR 2 NW, NY US","2019-11-27",,,,,,"58","34","45",,
"USC00308839","VICTOR 2 NW, NY US","2019-11-28",,,,,,"60","0","36",,
"USC00308839","VICTOR 2 NW, NY US","2019-11-29",,,,,,"37","28","28",,
"USC00308839","VICTOR 2 NW, NY US","2019-11-30",,,,,,"29","27","27",,
"USC00308839","VICTOR 2 NW, NY US","2019-12-01",,,,,,"31","19","23",,
"USC00308839","VICTOR 2 NW, NY US","2019-12-02",,,,,,"32","22","28",,
"USC00308839","VICTOR 2 NW, NY US","2019-12-03",,,,,,"31","13","15",,
"USC00308839","VICTOR 2 NW, NY US","2019-12-04",,,,,,"33","14","34",,
"USC00308839","VICTOR 2 NW, NY US","2019-12-05",,,,,,"35","0","31",,
"USC00308839","VICTOR 2 NW, NY US","2019-12-06",,,,,,"32","27","31",,
"USC00308839","VICTOR 2 NW, NY US","2019-12-07",,,,,,"34","24","25",,
"USC00308839","VICTOR 2 NW, NY US","2019-12-08",,,,,,"31","0","15",,
"USC00308839","VICTOR 2 NW, NY US","2019-12-09",,,,,,"44","12","38",,
"USC00308839","VICTOR 2 NW, NY US","2019-12-10",,,,,,"52","38","47",,
"USC00308839","VICTOR 2 NW, NY US","2019-12-11",,,,,,"48","21","23",,
"USC00308839","VICTOR 2 NW, NY US","2019-12-12",,,,,,"30","13","14",,
"USC00308839","VICTOR 2 NW, NY US","2019-12-13",,,,,,"74","13","27",,
"USC00308839","VICTOR 2 NW, NY US","2019-12-14",,,,,,"45","26","36",,
"USC00308839","VICTOR 2 NW, NY US","2019-12-15",,,,,,"40","32","34",,
"USC00308839","VICTOR 2 NW, NY US","2019-12-16",,,,,,"35","23","25",,
"USC00308839","VICTOR 2 NW, NY US","2019-12-17",,,,,,"36","25","27",,
"USC00308839","VICTOR 2 NW, NY US","2019-12-18",,,,,,"67","25","25",,
"USC00308839","VICTOR 2 NW, NY US","2019-12-19",,,,,,"27","7","7",,
"USC00308839","VICTOR 2 NW, NY US","2019-12-20",,,,,,"18","6","13",,
"USC00308839","VICTOR 2 NW, NY US","2019-12-21",,,,,,"25","7","9",,
"USC00308839","VICTOR 2 NW, NY US","2019-12-22",,,,,,"38","0","35",,
"USC00308839","VICTOR 2 NW, NY US","2019-12-23",,,,,,"49","34","42",,
"USC00308839","VICTOR 2 NW, NY US","2019-12-24",,,,,,"56","32","33",,
"USC00308839","VICTOR 2 NW, NY US","2019-12-25",,,,,,"63","21","23",,
"USC00308839","VICTOR 2 NW, NY US","2019-12-26",,,,,,"73","22","29",,
"USC00308839","VICTOR 2 NW, NY US","2019-12-27",,,,,,"52","28","50",,
"USC00308839","VICTOR 2 NW, NY US","2019-12-28",,,,,,"54","37","37",,
"USC00308839","VICTOR 2 NW, NY US","2019-12-29",,,,,,"42","27","31",,
"USC00308839","VICTOR 2 NW, NY US","2019-12-30",,,,,,"41","31","40",,
"USC00308839","VICTOR 2 NW, NY US","2019-12-31",,,,,,"48","33","34",,
